<?xml version="1.0" encoding="UTF-8"?>
<project-private xmlns="http://www.netbeans.org/ns/project-private/1">
    <editor-bookmarks xmlns="http://www.netbeans.org/ns/editor-bookmarks/2" lastBookmarkId="0"/>
    <open-files xmlns="http://www.netbeans.org/ns/projectui-open-files/2">
        <group>
            <file>file:/C:/Users/tcbjr/Desktop/CSC17/Homeworks/Homework%203/Thomas_Bischoff_Homework_3/src/Graph.java</file>
            <file>file:/C:/Users/tcbjr/Desktop/CSC17/Homeworks/Homework%203/Thomas_Bischoff_Homework_3/src/Diameter.java</file>
            <file>file:/C:/Users/tcbjr/Desktop/CSC17/Homeworks/Homework%203/Thomas_Bischoff_Homework_3/src/Ego.java</file>
            <file>file:/C:/Users/tcbjr/Desktop/CSC17/Homeworks/Homework%203/Thomas_Bischoff_Homework_3/src/Center.java</file>
            <file>file:/C:/Users/tcbjr/Desktop/CSC17/Homeworks/Homework%203/Thomas_Bischoff_Homework_3/src/GraphLoader.java</file>
            <file>file:/C:/Users/tcbjr/Desktop/CSC17/Homeworks/Homework%203/Thomas_Bischoff_Homework_3/src/GraphTester.java</file>
            <file>file:/C:/Users/tcbjr/Desktop/CSC17/Homeworks/Homework%203/Thomas_Bischoff_Homework_3/src/CC.java</file>
            <file>file:/C:/Users/tcbjr/Desktop/CSC17/Homeworks/Homework%203/Thomas_Bischoff_Homework_3/src/Influence.java</file>
        </group>
    </open-files>
</project-private>
